geom,x,y
1,35.68540504773812,-10.293114629482677
2,18.180860460007963,4.9372079144992425
3,18.68071822621235,-13.322414319309662
4,26.366871870876473,23.91853049268099
5,12.513368367361444,14.819802639329172
6,15.213634912197527,7.1943345427218794
7,-12.65867123353162,14.267304209365054
8,22.711416650328125,-17.076435632388833
9,34.49365165710503,-8.965609289577973
10,32.274127251336026,3.2215521248604277
11,6.986740355844184,23.332764583244067
12,-8.797067777328811,17.58997332547274
13,38.97339391552514,2.836303617338654
14,32.62526685540916,0.5362342002864828
15,27.883685732110315,-1.7580575634295639
16,25.767019274734587,-7.544512184753426
17,29.12398400773251,-23.361778092927214
18,-8.059608806826326,28.832012017280608
19,28.9077847301997,12.754665828030195
20,23.06077661862512,7.528963143018245
21,17.86855712156906,-1.4602545829154772
22,10.997873302613321,-0.402756780369921
23,21.57721666384785,15.543184231138543
24,39.15292799136904,10.357360544198832
25,15.371254541426644,-4.444173531219584
26,23.077841518564874,-20.441189537680756
27,16.048630537331412,28.67294410657674
28,28.917057102995592,5.010152625835233
29,26.066357151592875,29.90002388164482
30,29.57045719463131,-28.76320657494088
31,28.696175421635523,17.58015788001588
32,37.589299567385915,-9.714083881601953
33,7.830230783225641,28.32693133119589
34,2.199258685701402,20.89297413584202
35,-5.2297119704285056,23.628457899206207
36,29.459005802147374,-1.9867457809320517
37,23.024413478027988,-3.58140034790289
38,24.73171292589054,-13.975268773757607
39,-0.08830408134594236,5.952968920890106
40,13.912684101879616,13.238869083812103
41,10.598448242243528,-1.8239376960170057
42,43.62201253519468,5.072813599787377
43,3.6915450545067863,12.164026305246443
44,26.154834503062737,-5.649717979936372
45,27.22110493035691,13.528369354973856
46,20.309416045404078,-17.708036330131655
47,34.804150982564515,-4.861946911026935
48,31.428412673025427,-15.244535483450061
49,18.43129472615682,7.59847492912861
50,33.44479148211922,22.549944882548168
51,18.476581500431536,13.979888127010987
52,-8.085922283644122,15.403098627197373
53,12.43815512348852,-1.6297458346575902
54,26.120857451737102,-24.220839901344306
55,26.748305374826288,-31.05678805477418
56,25.732790057138907,-25.66874532927629
57,31.881556555300094,-5.389220357263077
58,31.412368238830922,-18.23239696943435
59,21.806356338554778,-15.411029869456806
60,43.811326104590925,2.5028177472544266
61,29.88281814721895,-6.465804332694932
62,21.24516417910432,-2.9315290366623095
63,1.528154722906681,13.042782338620443
64,24.519556939337022,24.70248313200051
65,46.39918742148788,-22.894688412297935
66,15.446577278287613,20.01294679205001
67,25.981936011242084,-11.155031704047348
68,34.33456136462713,23.634267357914055
69,2.1213660489821997,15.411962781822883
70,30.616570425286362,-4.208209833272576
71,-1.0457710183907523,33.81129531771343
72,23.49217201362137,12.15582728224053
73,3.681816918852448,13.5406955010833
74,25.434939143033667,1.6808525541180346
75,22.474139298081575,23.491970497838242
76,44.48779476941993,-18.862166697357896
77,16.780442498691123,0.3235366332410178
78,37.56973633268121,1.4811016599353553
79,20.584915093902033,5.250508346411236
80,35.65131879406716,14.616658654583468
81,13.759355852254302,22.837038255453816
82,17.402009703536443,1.7779033206181973
83,28.259128107326404,17.06898779922871
84,15.693610182847287,-3.584581463051789
85,23.224820572613574,4.569634803052775
86,24.43025329862325,8.329259496077587
87,13.359778670189709,3.4314035747337917
88,0.2707222741596418,20.09777037010266
89,26.25017933728647,-31.573873528445688
90,43.94464658341799,7.32588597636196
91,16.182774605855876,-3.4851067115677874
92,17.72053793646166,3.656816118910325
93,-4.40621524959772,24.08336144588916
94,29.101509247459674,-15.408204887617764
95,2.1515457193478653,10.871137161071376
96,11.33114109586613,9.842485201916741
97,27.830738139525785,1.6840427583860564
98,21.855478272670254,13.025515924189977
99,0.4575600152796433,7.850678748928341
100,-5.459115038170388,17.722707176613934
101,16.301563942444012,29.187642038157495
102,9.967070138211426,7.980870658273417
103,34.51922166486287,-15.629449607705448
104,29.90046403599448,-19.670582940576022
105,20.090803782882304,-12.513252823239387
106,29.29515633993612,23.34503743283135
107,33.1656303502179,26.53195987420732
108,30.277347273529905,-9.477524817023985
109,30.469911719543887,-17.584449718039284
110,26.69145912392888,-24.083475868115947
111,44.048724491866274,-24.51088011157293
112,-6.317165058947003,5.75693725276043
113,18.419655986054394,7.106070582211631
114,3.745374598484741,17.36228210373813
115,34.08475892427072,16.711730503675575
116,-5.124627029930835,17.27548438397424
117,18.18128251793854,-26.677146385576876
118,30.792277896833625,3.489006373540433
119,34.72033907284761,11.935138756653616
120,33.83552736176723,-0.32213683141589117
121,31.571411796630805,-4.377374535066686
122,4.763730103252943,7.625117629943369
123,21.8322247940487,-17.655926436231503
124,15.222863937065107,15.6819749522878
125,25.519326784122065,-17.368781161946323
126,3.769580339874839,21.604729973124417
127,3.4565058287670887,6.685841630909757
128,15.07540159019618,17.486654897986508
129,34.12329227165548,5.450148608783103
130,-13.814814655972098,21.026007731296108
131,32.53927713288064,16.12351322631403
132,-13.516410262052343,13.333235260773831
133,43.464079961710475,1.273464598474634
134,13.793600600866402,-13.313737799434442
135,31.35790210421178,-22.55473468131013
136,21.63507796045694,-22.983351016551477
137,16.971636184402804,-12.792396315984103
138,32.94333674292503,-7.843096101354977
139,29.31687982315215,1.3455708510010969
140,17.142204079146993,20.40309980056116
141,47.206163734377824,6.102132218237874
142,28.339904279054757,21.129635976816257
143,32.38833347743221,-9.427716140606037
144,26.774493027133403,4.368384832741442
145,40.526614608886014,-13.606226651585393
146,32.78499149957894,21.11606138386461
147,41.80828954340654,11.372914576007032
148,3.446992767705197,8.408214764402636
149,22.73990050758065,-31.362628745122738
150,15.75934837853032,-9.566778111669725
151,23.945309232007013,-12.95364040542383
152,29.505633592446408,-8.184117626359551
153,8.809285930563014,6.8995361880859685
154,22.97666304806952,-4.1440015874766845
155,33.64553485997316,-1.6977676096541727
156,22.076255690180815,-16.767100352775575
157,15.42264288325066,-7.112366772580935
158,43.11947675424302,7.900412999020284
159,21.625408101521394,12.108467752490299
160,14.241153281469177,-17.340875098650415
161,21.387727807390654,22.486974066095264
162,15.465180963168244,7.628772914672146
163,17.793906547299123,29.200534150349604
164,-11.703105165571996,13.247389428655291
165,15.654827195091904,20.09829159628098
166,24.346445551529122,-22.75444757110319
167,9.44383346912792,9.285068748611364
168,-1.4271990986143948,26.59518153634978
169,16.860509015897755,-7.101862243325921
170,32.58622116551465,-17.631631181609627
171,32.289865231517375,19.46026558300965
172,10.655611426371689,8.920024410926422
173,29.95546413043604,-2.694116761714102
174,-5.116293135220802,30.943928183357485
175,17.147670462479887,-13.810831346853446
176,15.032228124089315,-0.47621275997153933
177,14.56856271764547,-9.2785229755477
178,-3.083738640003057,13.159158925378861
179,33.38086766533022,-22.749989346372306
180,45.79929641591352,5.744030245027126
181,25.268449444955934,1.0335533460475248
182,14.989936010842548,-12.169733721881459
183,3.7182849538507803,9.783905172858422
184,15.876305420937314,-17.94550430342074
185,29.245528836810315,-4.358065234987724
186,4.994633914737946,9.573067211646315
187,14.235754619575275,-8.277356657365543
188,-2.5514023876109544,11.726704194041627
189,-6.257017579705522,24.56650004492054
190,-5.944182059796299,6.661000183208316
191,-12.893194928292083,16.26289075785194
192,34.45676842265279,19.940990719976877
193,24.413958937108035,-12.507515970696781
194,28.523268175990474,-15.998449233605587
195,34.84986331851512,23.000076689872873
196,35.147483506323255,3.21215556357788
197,14.23819967276875,-7.90723981873061
198,18.29581621313458,-21.31396470564106
199,32.65244273899516,-5.86646127527071
200,21.93251436231148,-24.942177325084746
201,13.727366312911588,16.267914264196563
202,2.6964059403751612,17.291174114619462
203,32.43666385803643,-4.800473236447612
204,17.055555546438697,-7.764295852629137
205,18.142159463604614,-28.123078688808896
206,16.125632093212836,7.982818507362581
207,35.254889166905734,6.823701042436679
208,32.79585989953709,-8.036184383696417
209,12.445961201323858,7.690777069036267
210,33.515523676111364,20.17527366998597
211,6.191824752317395,7.6712543200583445
212,18.904019439454828,15.566348667016259
213,11.97709475658128,11.72568737835993
214,46.3709159429739,6.757244241684996
215,25.4378005151557,25.3081640441804
216,10.056371996880475,32.790876946413206
217,41.730447573689524,9.709970556562487
218,11.778988801744305,6.897848723470772
219,4.815014205860596,7.255014065119295
220,36.635619305477476,1.4876553304560853
221,21.607050581591807,16.711185731819317
222,28.07047401068003,2.219721700025427
223,50.665160902398156,11.669585689656035
224,28.8099736010898,-3.920080663793869
225,28.696137327478887,-7.915991895297403
226,11.889286864463305,-2.4245748414740973
227,27.63042307954575,14.16908831232903
228,-11.060783447421777,19.886335765529942
229,17.234331713355104,6.099831192030119
230,44.505408072742235,-19.946164000893873
231,13.438603674065401,27.90743387357931
232,-2.4685202304812695,27.889659745859092
233,26.61712499027412,21.415221744842526
234,15.523287794176696,-12.002140446686177
235,-5.817998943307362,6.242253655814668
236,42.864275021441024,8.13948470679229
237,33.97838937744553,11.798309698450108
238,27.383233430071293,-19.36565133086629
239,3.475736574591462,15.486625887251819
240,20.397008511942765,16.05605270055479
241,34.45691738420388,0.05235761915159628
242,27.149866710449842,-11.285051862628213
243,19.637887466761008,1.8399085676083649
244,25.997281532449442,-22.8969737182818
245,3.3386569542823956,13.983844405058058
246,39.359046316483656,-14.624066106197267
247,12.879274261217748,18.86913360643633
248,7.218716625216761,13.311229912189122
249,28.716176362282823,19.29360399669845
250,39.28312359173614,-13.947232610486566
251,22.327142845994487,-15.70171685624002
252,-10.782361706934887,8.843131950219759
253,35.59168535071029,-5.896383286103903
254,-2.547543399833973,10.294394169458322
255,23.07391214182075,-20.87749599416591
256,-11.30074627881083,25.010697271388217
257,30.663735909451752,3.7027764542775565
258,14.121695403030966,6.671458149899574
259,32.093588180419204,-19.17217938094062
260,39.6184769328964,4.083209426013747
261,-15.903909380345537,13.451366553598499
262,-5.535842204550555,32.07865287201441
263,26.441584799510736,-1.059796259213659
264,11.986037566649351,15.196040268445682
265,17.41002904928638,-19.16154587259786
266,38.399552852104875,-5.521188162345594
267,30.663506734900764,9.723525920790106
268,27.304746459490318,-22.3952261832436
269,21.816875368842908,-5.66906694568578
270,13.581602220077965,-18.23005523498124
271,20.528172848229786,-17.134532566754
272,13.920588187313733,6.110450005641839
273,29.54612152275928,-24.726038214695905
274,21.979641206745796,13.520999471558577
275,11.274338823448748,-0.32904361382023595
276,21.732613010383346,18.02424318888889
277,32.39093088261909,-22.181754335819935
278,25.75115994794119,18.52681160387241
279,36.172324999319294,-12.215292362973731
280,15.897388065912153,2.6428626228059526
281,17.096943517079175,-9.865721481381733
282,36.889147986586785,10.359902909795432
283,0.8374460691340602,9.56624876691444
284,36.01184462851985,4.725164807363349
285,23.160558463905495,9.563620082389091
286,11.43988702861827,16.981655945723226
287,33.79227262722253,6.548284589192453
288,19.633209136886656,7.165636929646076
289,0.6858151523496296,20.26019580437948
290,-16.48438639971638,12.17778955640534
291,15.33453026251275,-7.967625994269279
292,-9.424022388977367,23.85886444473939
293,26.21707447735821,21.912866518592924
294,33.450553609949054,24.9501960644776
295,34.33095322536528,9.991552020134796
296,22.692334582797336,-1.1239406147272615
297,6.573671160120291,30.858257520466694
298,28.068168562987303,-3.9194029236937196
299,25.60924823933962,-16.428537315923105
300,16.510224205183626,-9.833899356196111
301,4.751161525586038,9.855462073346219
302,4.0105872666651265,16.85108979104677
303,14.150331555625396,-9.407274468176572
304,25.997750640333898,-5.672136748096734
305,27.934249587675673,17.160497164109543
306,38.249582527470565,-15.3882373394655
307,16.35035858110672,-11.811432380260959
308,25.100961500671538,0.6302572298438345
309,41.37144352639241,0.3212432613552124
310,5.277770357555223,31.286265561863953
311,41.64123037390065,10.782172163852104
312,16.20895775193864,-6.018542736821884
313,31.895974963122647,-12.000125503593909
314,33.90696386783954,24.14077142505698
315,48.728068223420564,-18.861423045627095
316,27.145813227203043,17.570995573267417
317,-9.884688745164524,20.099937316701915
318,29.795779879716314,-12.93476707835519
319,31.316815794409983,10.001393266724229
320,27.290152360661104,12.231216825262877
321,1.212602892120703,20.55083645913562
322,-13.686403403270962,19.723079081829972
323,44.69311484880851,3.5797696614293235
324,28.680019687775115,-5.653900074626807
325,16.68239915188213,0.6894732294673968
326,25.167025036115504,-1.7750443437518622
327,-2.980780097767491,23.511358219832108
328,14.553650279160728,17.64933484386067
329,13.280649539920027,22.695717880691046
330,6.477620090142938,18.790332324217573
331,21.26924062056417,26.251038318509085
332,14.7825624480584,31.948932820284835
333,29.624401828970598,12.17131983928965
334,32.34398443738867,9.123202329568382
335,15.94167357546523,29.7052307260674
336,35.069435591458145,-2.6999523083294976
337,31.240474026554253,0.45694443753822633
338,0.23667465652714625,10.26901317655197
339,40.200312507958714,2.1950565623565517
340,32.22558790706872,-22.132428550529752
341,12.769182430596945,7.176756958969149
342,-11.19603109251818,11.591633432827532
343,47.72129901340051,-17.003059201269302
344,32.796796801243694,13.44577231289551
345,-12.312454572537785,13.549744872294474
346,36.66291636202842,-10.488331341241764
347,14.634988486247721,9.218637672219291
348,32.904770268205226,-7.834025397663249
349,42.293981928908714,2.1858863332962604
350,19.300589791591648,7.035098480270099
351,18.527931400804697,4.945659154069571
352,39.174467143057015,0.8193732518627533
353,10.933843035984395,26.527707309621604
354,16.963251275396374,8.62555664395281
355,38.8390928754799,4.64107433412163
356,18.676042220264563,14.842346990031514
357,12.650850436939127,6.4660007292714985
358,31.495093598086953,-14.31090538677623
359,7.316129467680813,6.828614179399492
360,14.09294049006801,-5.888263962928531
361,11.416220848116481,8.630276341052049
362,22.742654569012437,20.08923600122055
363,4.883826148711581,27.81615957144656
364,17.645936505773534,-17.987088619435735
365,21.91930465945328,-24.64761377031613
366,15.903620049173746,2.697949393879349
367,26.330776831511514,6.3250092695176745
368,11.534340261062898,12.092924246287792
369,35.89166544760141,-10.412361331061822
370,34.28288996814732,25.599600189055895
371,4.399765213307525,21.902401136069926
372,7.528100059883116,11.734695107403198
373,-5.907115871915018,15.256711829075781
374,38.26689847789832,1.3555624485102553
375,7.352563858095383,4.52954325978511
376,-3.354870205561191,10.791680647957344
377,46.19032252766244,5.107140903643356
378,13.03475161756673,4.495824902764114
379,41.20812633432134,10.514490245281907
380,18.45430175287722,22.250307931022046
381,13.705284961132897,-8.110521556358615
382,33.464450804441846,-4.665004969446735
383,33.98375160653931,-1.6077279678351004
384,15.773530292728005,28.971557090976116
385,29.454675435518276,-0.09690783536042567
386,-0.22379915618940416,14.264977217883153
387,36.18452950882432,-9.192201475068394
388,41.931021920733244,7.053036396548368
389,11.462658135613996,15.970695757561714
390,1.9215968061411992,6.255610041021362
391,2.0148370613883344,9.4144775778536
392,34.87976530129966,-2.9367169408670373
393,2.0824283853068692,20.755743216074432
394,14.065693413316069,-18.950244094259162
395,38.45289379653204,14.45643647046809
396,20.472142379032952,-22.54800477860073
397,-11.232826107693421,11.437115084816226
398,21.722553558282208,-4.5742251984226385
399,19.966361407506675,-8.539598047219528
400,19.652878445811318,-34.1795111191213
401,20.281728563163007,9.482260305151518
402,19.69390961071231,19.298739759601855
403,20.777633124687057,-8.676018888649136
404,32.88786532628285,-9.92925949395535
405,32.14680235081554,-1.4678871712080177
406,-0.26975473093855484,32.241091147162095
407,20.792493627680983,10.286611619346628
408,27.795398798464753,8.780582406410936
409,21.722943895302485,17.848739466030125
410,39.628500182496,5.8087202643318046
411,-6.705999346595654,13.7595865127889
412,5.146246285683581,11.453962410872958
413,-11.864885471742529,13.83415488289797
414,6.450485432531558,12.604751377861483
415,46.66585983773538,-18.27931024950119
416,20.770926432475136,-0.3882448141095547
417,41.76413178203759,1.4704226285899884
418,5.584128586409484,19.9737108018065
419,45.25768503083488,-18.953572637432636
420,17.896986234173873,-16.14151125993268
421,25.01972689855659,7.891530953805321
422,29.769353094581916,-9.770300370706147
423,-10.180706677885443,10.005417638443163
424,25.724711169874176,-4.865168834608782
425,28.408427683179674,-15.899233219598898
426,45.298248862510924,-18.742702662568572
427,12.833994834342672,-4.882297146770379
428,-0.2258465816144799,19.95923302721794
429,35.01339584749561,0.1944687776037326
430,18.68914725902016,-23.777434739164477
431,26.1038765197817,-1.895301055204313
432,31.280689834640924,14.893523007596086
433,41.278754519395704,7.25876512717215
434,-1.4523216404335777,10.282682497109732
435,22.210294573661365,-22.181941253201366
436,14.673758957809042,-13.174998151142916
437,31.706191191000457,-25.01371525025305
438,36.611071169889655,22.13160830135005
439,13.320864777799098,21.55380196210481
440,14.156718473431301,-9.781306023849506
441,24.386829299277103,15.828489910373381
442,11.208799601134146,5.507517386799342
443,16.23485723744706,0.6057668653116117
444,44.33352318819016,-20.896860064268665
445,22.740226194635802,1.617912901883184
446,32.2856637608728,-10.72841914449705
447,15.352059452529353,-20.689408890690032
448,27.260569436753627,-0.3332974148618929
449,12.619930110363022,-14.400796770765998
450,28.6009226540357,2.7244383208170277
451,36.54115567879249,3.1557171468117997
452,39.658971867007295,-1.2439259693734812
453,8.176059059198419,15.33001171061545
454,11.072872159096995,9.627248082372201
455,20.373688201058286,6.901762974451046
456,18.460426138498484,-21.9622858512333
457,33.06271926188191,-11.59495603265087
458,30.20600797455019,18.726341124299115
459,25.044795014696525,-3.2231420748848247
460,34.97336982298892,18.52824574668822
461,-3.1374671935782317,6.256946561342592
462,2.2210221017702807,30.999087408883153
463,25.697294775361904,8.684143836010966
464,29.101890657008447,3.8785546525555517
465,36.68002613331685,-10.006688809118419
466,28.33480799352848,6.472742768617923
467,33.83637297272299,-21.89747271509988
468,21.98493606169479,18.656609860691745
469,29.541865913385557,0.7561358164780416
470,22.929253379278038,4.281822223032526
471,32.15315490481612,-1.2746836586867538
472,5.011214204102586,6.600308268025094
473,17.31305747316175,12.151102715923106
474,7.1034446864066965,17.502819779500513
475,-10.38063843296899,21.82734436181394
476,8.723154076634348,20.106386132304504
477,39.11708908261664,-4.139614635943099
478,28.388573982382844,-17.554077286631692
479,12.462631375014585,-6.544807013471357
480,28.06933385967922,-27.597806596438467
481,30.99106137764369,11.672294131021916
482,27.744831637434324,15.066901899478927
483,37.66338248059819,10.567423035171457
484,19.626630221184598,3.4203329857957407
485,32.19594119404644,10.776234613683648
486,25.811130216448262,3.4200626543149655
487,1.348763065413042,14.320452005359222
488,30.537436441498087,-22.31986471344262
489,21.034708139960962,-6.899246277669753
490,19.81049162050948,-3.5639145625343676
491,-10.326854302221545,19.656715484308222
492,24.620632722362124,19.518732137778883
493,17.715114529129735,6.308990720195195
494,16.10252091594593,0.6798591476007224
495,31.062084806215786,-10.414383724200356
496,-7.915469475568635,14.703166371603515
497,-5.914403719224602,15.638882612010494
498,30.548660329440835,-13.967451129389987
499,3.6091183412670844,6.956414264964695
500,21.687371334063307,-4.654483624011978
501,-4.191108729510253,10.08603932715401
502,19.799243791327505,-29.563192587157097
503,13.161897613977953,-17.269605849075543
504,-7.495595895309885,10.592216517588492
505,19.801989555839512,-27.085522933116778
506,16.020058404150404,-14.545595474869632
507,13.359448331588833,-18.286264765813055
508,13.053344394650914,1.2769791627107834
509,-1.8630618794969749,16.12532312058228
510,-3.8505482637550283,8.900101482060304
511,15.32283344766438,22.7017237507287
512,16.588818312807724,12.464142860549822
513,0.873553192421614,21.835932123834272
514,1.1481060114883697,17.873774207638235
515,26.370207346030263,-15.27521964897879
516,21.149794801415432,0.05137299191467309
517,11.946544871413387,0.691862722040208
518,20.839085449469707,3.492644536107354
519,32.26174601632694,-8.611440862689609
520,-2.6058196939241185,15.041447467997964
521,43.78812435579472,-22.682027254291672
522,21.372805148312665,-14.466660842417799
523,35.110068752970776,21.98645536542162
524,17.85805413954607,4.807077576014914
525,10.89009608114797,13.379001048030696
526,26.098232521768672,24.064798731751154
527,-7.577009918782805,29.837156606815892
528,32.742659223180716,-0.16256076528846508
529,18.81056761336057,-16.574832672898467
530,8.654564991739505,27.187293794385074
531,23.838306166014505,12.439209220209898
532,24.866294955289362,23.856360436447847
533,13.530261335846149,-9.921728526877025
534,17.10801729197783,-17.293822253888287
535,22.294103872501616,10.428027855951854
536,-12.30750688032786,16.18962974964606
537,38.534361647150874,-1.5635121070725997
538,16.118975061831435,-13.670119356794764
539,8.200041280062301,17.272354721820577
540,20.14159250505451,25.570258687671156
541,27.016070892120723,28.257724857586865
542,26.20489876261098,13.182260472013231
543,-7.83772247399491,5.30393687207905
544,24.565848935290667,-7.452837211094318
545,25.194803663786068,-12.103339180930647
546,29.25981909619565,23.911990748421047
547,23.00909172810534,10.79939253171975
548,-5.674075207583437,29.70052771624332
549,0.5040336752331847,8.203587794114183
550,32.2576400027486,-11.579989720221635
551,12.974800125197063,-19.245543411893447
552,-6.8915497005569915,9.044494498304298
553,38.43749341737396,9.278691681044615
554,7.2526401363465816,11.151581039459359
555,22.58863323037926,30.55765227785948
556,44.79124202197313,-20.54259690160867
557,-13.532132569588516,17.511950776691243
558,34.993649570692,9.215204147199518
559,14.485522696126345,7.475784172876071
560,46.56671874571896,3.206736497691312
561,34.998316362218205,14.472675438472102
562,24.84880176580144,1.3427502499193544
563,33.54822593775702,24.286602794662336
564,36.53213067539955,5.227676219555982
565,3.064590843111329,6.662471846837049
566,28.196803045571926,-21.10462607581577
567,48.616216192038465,-18.08997124704601
568,28.64579491975232,12.882488087904044
569,5.3069222110833785,18.817082201285107
570,8.73496273672307,12.380589435840726
571,-4.381460275993129,26.94346486281105
572,14.88064288285237,-9.985700967836438
573,29.557523482286747,-21.984201798221616
574,5.999495939077978,7.485568833001122
575,43.25832131552896,2.1300040954528643
576,-9.316315613130646,6.549656725736662
577,17.342319676835636,-6.975650464519125
578,18.715833533191095,10.4155729153695
579,19.370312969516817,7.463108422431132
580,20.678672743457753,-25.789648655478825
581,1.6612459988570336,18.510526201151208
582,25.841517585681004,10.641531407352979
583,-14.970054683353599,11.208599974259517
584,-16.23466563543615,13.231452667466526
585,29.953866927147637,-16.701882302960364
586,30.18194333375545,7.535861271130697
587,24.981113919457364,1.3435516477509835
588,24.25188558229445,6.088271690657964
589,15.630091142946071,2.5646251958594775
590,10.172388006976455,11.659217076893635
591,-3.1164827581750316,22.620962774033803
592,11.15282574360699,16.480001074428944
593,15.936765614135297,9.629968701414704
594,18.59083690212789,-21.817732660226156
595,26.167312137273008,-9.409289422793897
596,19.439828189950568,18.86633878479236
597,2.0338863168599097,12.226555807493522
598,33.13899066909625,23.504628762840966
599,-12.449693144692576,25.352716903523348
600,15.331239339739163,-14.11028972745235
601,33.97157170084356,3.0822130983172475
602,31.37909389118785,11.747325591263824
603,-13.96106465250261,22.480205587493167
604,8.76869775370206,8.281226845656978
605,40.211968532796554,5.36145735649211
606,13.766456757159169,5.081663016818356
607,19.157462345901926,-9.760118531779666
608,34.798491829155026,1.5382955262260063
609,1.0445099894355714,20.969729006724087
610,23.157503319227835,-24.215103700619533
611,-13.15250100962331,26.748965118107755
612,21.03281194705464,-12.650752262702559
613,5.955770799834454,10.07005017871655
614,24.86457786846517,-2.7864168280545223
615,14.474167531621013,8.688678826137316
616,-1.7909401244319998,24.294519275564387
617,22.26309561359863,-3.357918536484057
618,30.07407967136521,16.790473633575328
619,44.445447305606876,3.4473694748154764
620,30.65724549997678,-20.736780994659753
621,12.35727457091507,22.266475537242492
622,20.978600649926307,-5.880705904719177
623,34.91815688921161,-18.136708602685598
624,4.154988120243189,14.750065795342598
625,29.56686377849448,4.296412258006043
626,36.45411585954374,6.454966019180619
627,38.64096082543164,-8.993571996257126
628,-4.037317567907104,5.438781644387283
629,9.841743313868712,6.675184945350912
630,7.960524965091739,11.091027011709208
631,40.890519096466335,9.919784516147004
632,17.970557779029676,0.6028891297662332
633,46.970974427612404,-18.079417823733863
634,5.316918132694038,18.071204049252056
635,5.310381073518293,27.094510811985355
636,35.6959406435401,-8.185715079005353
637,25.706570680228864,16.506103094099423
638,13.912865046657963,-2.1976786883527843
639,42.813829352343994,5.0949588473780345
640,-12.679716871806118,21.683425646718504
641,30.004523972504167,-18.229473244665115
642,27.78933079052195,5.729104156076686
643,37.654600174121946,-6.089719961335646
644,27.414456965539593,-26.960090255922786
645,3.6403050153563896,28.838108950963303
646,21.870553655668985,-8.040565926780447
647,1.6673178504541326,19.008202474694507
648,28.80525749233466,-12.296130732173378
649,-2.0426872744174656,22.561139263350302
650,29.59500282895285,27.02460271794568
651,-1.6854774197596143,9.214767184160195
652,3.417040578515664,15.616608345454566
653,17.246423314796623,19.68330488097627
654,19.64831445875098,-3.7863891215970744
655,40.56214379387115,0.6282486139527651
656,13.978192464134217,10.8708565411081
657,15.694140210345537,1.0516242164807033
658,-11.554275594164455,11.96268260457343
659,-1.0587787367507744,15.903796428173978
660,19.498882660507583,11.519141266632456
661,-2.0874937990200575,6.302026583441775
662,12.88245985362606,-14.09723736623958
663,34.92548383684949,3.785439350316676
664,29.664193970729066,6.900327026401724
665,6.7328185778239735,15.17661852930331
666,13.174362211052841,-5.370347402573596
667,-3.8958290687291157,5.450936598628611
668,47.15789243469118,-16.784972966195276
669,5.6508594026001475,18.531547864377014
670,39.046937182871844,5.721918293046104
671,21.234790638640312,-17.99850154540936
672,28.81609023536572,0.38467970880037816
673,33.078210474886255,-3.658465290448336
674,3.4313223956598407,12.451689879124347
675,21.485309535343575,-14.388943036233549
676,13.84545213792574,-14.464341128872196
677,34.401972006084286,17.643581271756325
678,32.03150778852115,-7.548025816061699
679,9.519720221672504,33.95592466675874
680,2.3322237368879897,7.119174490233932
681,9.71981541019301,2.187369276851274
682,-11.33709164944222,28.329445127850203
683,-13.956612078411162,20.015916509402633
684,12.639357073357807,-6.5301301227174475
685,23.23870269668715,-6.60994636893838
686,12.904988210746204,12.968396766344915
687,20.53671900837537,14.680278039596379
688,-8.67124623512071,11.593609714605176
689,21.492682300157682,17.638173973262244
690,40.1112002912409,-2.543723261343131
691,20.257484929589125,13.551742615425583
692,2.661335674699597,33.22411472773323
693,23.860152947841797,-3.9461345659686637
694,-4.183182452863274,25.288470981858826
695,25.468463361345975,-5.866157028954099
696,36.163434149375185,-11.996977421714831
697,35.69436215604498,-12.50730862465531
698,21.499306313814415,5.807855909762993
699,28.9529993051368,-14.385194964902533
700,18.7219375662957,-19.74866270389418
701,37.68657604947019,-0.9547556573628933
702,25.328166342741063,11.725157076562029
703,-1.5723770091846774,19.65861232636213
704,24.519780052224917,-13.803257338893062
705,23.491127227324334,6.167012943751478
706,17.752842913940512,6.677629603947487
707,26.710469048773554,25.602124729026567
708,24.04093330555795,5.803436069228323
709,39.36096957875455,-12.242644000495384
710,-8.843527627966532,16.35969624682126
711,22.424197245995686,-18.214729763599358
712,27.32060208425814,-2.5417255944142862
713,-9.005778969387586,20.032348905458846
714,31.75276285855277,4.28465393542584
715,10.47016812816885,3.1238110007570294
716,16.361440592581054,14.832258885233424
717,32.4056689195263,2.0505519069618945
718,21.9131471711301,-28.31443755652956
719,7.123460010270023,13.530133078775878
720,32.65775685531189,15.982827335297582
721,27.088498151678692,-10.295090877904745
722,20.658225314717697,-4.145684352181897
723,5.231011747598181,16.76605304211712
724,20.14973670116182,24.869897011286632
725,48.46819605741089,-14.97830636918164
726,-6.955175129954023,20.161912997325036
727,34.188174029870936,-7.321462193818896
728,14.678494101325931,-9.695704358542224
729,30.910371816794722,7.192032042560713
730,25.428397605959297,-10.439563781276961
731,5.938341339117237,18.655270805581264
732,13.356391291563451,8.696550235617076
733,15.948155776690264,8.994501315258912
734,-6.287608917454008,9.273681923847702
735,-10.588719981533117,12.322297695697577
736,11.331030830697646,0.5490845601317398
737,10.193439876868542,16.697972666794687
738,-6.32483098570715,19.093068957254548
739,34.03332617538784,20.76320413661717
740,35.671047959782484,5.445204244339813
741,29.032426418852744,-30.486653460271462
742,30.47520542299985,-16.904824754627356
743,28.325569467289213,-13.296702338959467
744,29.460236351030368,-6.607330178408899
745,10.850562046634401,4.573059646510119
746,-15.264007566005063,11.438771947147139
747,22.42466635388012,-17.841391832466364
748,15.919417567177277,27.47971413587582
749,11.7379424531211,1.9879569030503108
750,33.90635747838092,18.744645308940807
751,27.67656798097027,0.6087794015991171
752,24.488008832595618,24.231794269108093
753,15.5830823150256,-11.433220737101385
754,14.538723376175334,-1.1190024091399748
755,24.13517097448719,18.005782418118613
756,43.99003785184082,6.460864188661379
757,4.272550953575482,35.26910043037874
758,26.753890777152044,14.675779681571951
759,-13.462845744140079,16.12370541257627
760,22.14341496587413,0.4086432341595247
761,20.52346251049503,-25.208808180349457
762,21.164967844718745,23.055476902624903
763,25.43750350586273,-8.326465575668731
764,37.64723837375579,13.37495722829367
765,20.05232317149457,-23.123573465756053
766,-7.46521024777776,26.105600957248793
767,22.074242972162658,-6.377545960203309
768,-8.153763481924498,4.65055365196129
769,50.066581604534235,11.434427377326616
770,4.583955686437264,21.825676508726314
771,32.728764813211676,18.7977816033181
772,20.603092990500777,-2.4848105839841215
773,30.44116754073027,-0.2633407730506359
774,0.9370007238810274,30.146841859031312
775,24.41398787349457,19.021612606073784
776,33.7608302510995,-1.1889277332577142
777,34.97476483980629,-6.452814311203538
778,24.204304672069163,-8.350937339824544
779,15.850432260938788,-6.168208356426699
780,37.317979968274166,-12.72963199940717
781,11.241530168614648,24.054456867558283
782,-9.12112686621232,15.410813182015765
783,33.90066088969225,-8.481394140470094
784,9.789389250947146,18.576608142626988
785,43.599178471608695,-22.61060624105534
786,24.3508266984634,11.286943782973111
787,-3.6289574488145746,18.938123700913003
788,29.535539192279288,-29.200975942097994
789,4.916846030791209,12.971199151041715
790,7.104872858884864,7.526538628610193
791,18.143263298800882,-31.012135730882033
792,16.051619310343355,18.947005656184437
793,29.871782296522433,-21.386535509008876
794,22.954225581447133,-4.7804623238469315
795,-12.371712030072036,13.74846143486083
796,36.777406248698945,-2.489481837386947
797,-16.035939194874622,22.573291608559735
798,14.337848806736044,-9.562611240803632
799,10.760624886753316,26.444714125804328
800,27.23125661903643,-32.15265948193924
801,19.897623991612456,-27.80497763655509
802,25.082827873195512,-23.145156987203272
803,40.13269293485685,5.176533845570888
804,21.91206449264927,-0.4795233842625554
805,-9.97387388044151,6.100351688998482
806,40.57270381614267,-1.7097088945236023
807,31.036606089208803,2.5004771830721992
808,38.34357362750304,13.911730375031402
809,18.09196986477604,29.05136088585268
810,11.013101898455776,4.364079759508081
811,13.95573403907662,-0.24524510006978018
812,37.96248547222921,-1.1181567135992023
813,28.698431006524864,-0.31936594688750347
814,26.273321115989006,-20.951332362109245
815,8.997299823212508,9.911044340123556
816,-12.670597190912613,15.269753421631549
817,14.794456284275995,-9.911771463240532
818,12.607759592735977,-1.3497874414516078
819,-6.253949514888083,28.614993521158116
820,-8.582629306475864,31.583090783457042
821,30.428861721854005,-19.511753749486733
822,32.70964080417735,4.806991584024984
823,25.515893673296823,-7.595934434410111
824,-1.655028443709881,14.91394065509346
825,-9.826673346535667,26.660684351152533
826,16.789625649730986,22.992187872493613
827,26.27592644247573,-32.790021451184174
828,15.286353353376583,8.542824890153577
829,33.70884209503603,13.547958008006349
830,16.0168230622417,16.93287521062731
831,21.43407879928464,25.947655887358124
832,11.967637244365903,-17.347169476462334
833,36.128614700196394,-14.386674405473693
834,30.524092071634975,17.9426468066287
835,27.374662152560347,8.701912115800946
836,18.73872779716934,-0.38673708060092316
837,15.567192415122314,-20.833368520794163
838,9.203921563365409,14.181795433679099
839,16.563207394351124,29.54589833704296
840,8.610331151667669,30.48432757825351
841,1.0556338894545867,9.93578760276262
842,43.53910698240023,5.895203826658172
843,38.37905375019096,-12.216417888732835
844,3.034341871234819,10.218292954280267
845,29.273382533319484,21.09674909847216
846,22.32543865098431,8.394418471613209
847,20.50893418110558,4.0738194593774395
848,29.583271250046074,2.8421444348390748
849,-1.7619808390075793,10.783233985059294
850,35.675576378585596,11.723986172446502
851,3.3195932589433,26.16877801985902
852,31.756600059062606,-4.654088013082315
853,34.377457313107364,2.3361278517639046
854,20.24035247816488,-10.44361214149919
855,-2.04457057550977,15.334158055827993
856,-6.26153815849344,7.189016531475232
857,32.11127038130665,-8.90855387247384
858,34.02658092842207,-21.263961851233038
859,43.5871791670897,1.5423913682916714
860,15.212596672793914,8.855861599981834
861,22.722522117811337,-14.815957768199363
862,35.232641515881696,11.280722691089558
863,22.780280068072727,28.616076757888056
864,15.69958784586678,17.4488548942402
865,28.711125008449358,28.54132022901477
866,46.60081016818435,-16.62805348397183
867,25.840000991952984,-32.01338720799585
868,24.857889637114788,11.295152357132576
869,1.277883631570436,15.481814595984595
870,35.77942723812921,11.52921569619457
871,-13.9339552292522,12.952550615698161
872,30.893257967860762,-12.311215717791013
873,5.722151594974495,20.262186917941463
874,22.84363647873578,21.904241006414786
875,14.410234209767708,-10.293455985305611
876,33.81417914515224,-8.47853991781971
877,1.8401930599130267,33.08904017189098
878,22.239978180080996,20.836321271623756
879,-7.0925095027766485,11.20970413181763
880,32.141297501398675,-22.260948824135877
881,28.62227549017804,13.33010864647092
882,34.01376893830952,-6.101973967082929
883,14.246263000691304,27.044189325795067
884,28.83383944216321,0.9181671480991351
885,42.98943092331841,9.200411682646271
886,43.48303178717608,1.0398244540189254
887,35.63162545523341,4.432578570830586
888,49.22180286510708,6.962148999572602
889,39.806034230162894,2.5087627558615244
890,26.72190399400735,5.607440835749951
891,24.682078358622597,16.78669672998434
892,34.13983811223754,-0.020978667087930232
893,17.55455782469567,16.210281823168327
894,35.61521342080596,22.272672826817825
895,11.590460958187432,0.6085616948793782
896,8.995284090371989,12.447768169631106
897,5.117444492721241,10.92656427032433
898,-4.675361946067948,6.878217525232543
899,-6.128873191766296,11.720435042365876
900,13.715518237218724,20.386491303872035
901,9.930320366312205,8.486676899219585
902,27.793292983017892,-8.557160987749793
903,16.201230561963094,19.442935797924942
904,17.80995697911998,-11.501162548720947
905,23.905284213671983,3.7038579004058634
906,31.902492215356204,-7.0201456325847635
907,26.3164987163929,-7.314640272150234
908,28.587622606254193,16.562556595346017
909,13.026398833416309,8.351625937223055
910,8.653795597422764,20.83742328604031
911,16.29356319549175,-21.628048766316965
912,12.224781160897567,20.459607572857088
913,29.531260243892298,-0.33840022493302835
914,26.633899257859873,-23.190140976329843
915,10.514846847935814,12.363871900657259
916,26.45955387407514,-0.33207065087049936
917,22.013933983157678,4.001538429557238
918,47.16431607224733,7.746967725249354
919,23.567056527291044,18.22791803382834
920,16.649261022990068,-23.288859698062904
921,5.74566660330164,23.207300633900953
922,13.523544766642559,25.231457399537504
923,44.36259124368846,3.5607297378607496
924,-9.199037361567116,18.52371005335632
925,19.765988850373525,-26.245572002117687
926,-9.872015326055298,12.81903085059896
927,12.505349854136064,-4.885730424576653
928,32.19614398274342,-0.3303815964043642
929,14.052901977693015,-17.2985175316803
930,-6.351604905254867,26.653436362332826
931,23.293152754715415,24.066922274444575
932,-3.682807890883634,20.97722732187482
933,-5.638449683741255,12.898766791286612
934,8.533894649659885,22.684559401907055
935,36.13293788938035,-8.183403818564042
936,-4.099157331883264,8.110503062865753
937,-0.4561549114373058,13.447910095712974
938,6.069620078562384,17.928889508287625
939,26.007792981346732,-9.349623599047352
940,21.347942378787494,11.011431427164823
941,30.914034644052776,-1.8271786323101475
942,16.801029532931913,15.706876879608991
943,24.101726533210723,27.230431194527945
944,39.44033003385467,-9.850697834026423
945,27.906645333256876,-32.728073093119384
946,14.74080705083206,-7.622822253405258
947,23.176724159734803,-17.416043255081004
948,30.580942141553543,-19.296367803218327
949,37.2297469750775,16.115239506190463
950,21.26564100482812,13.910558234082492
951,1.4753807523339972,7.628005620857392
952,15.39346582368728,-18.295555658555116
953,30.481345888904606,-0.6880050021771323
954,-2.4793561903075503,12.15843979711648
955,40.27386404389948,-1.6952817180117548
956,45.10557820064822,8.330608047079261
957,11.19653291091192,30.502319375407662
958,33.503399173940785,-9.71678161624573
959,15.259681547398927,-5.284834477089063
960,0.676309757655833,12.7268241723599
961,19.80198665432014,-8.851316455160314
962,14.075165248403355,-13.893958247573426
963,-9.65907367031392,26.66292458401107
964,1.0090015609128038,11.805379452791268
965,24.856649870117586,-5.871967275491866
966,34.15259957697665,7.987589020733864
967,2.1705023663136913,25.64102636499019
968,34.29379141046328,3.1547944165471593
969,37.32514345414933,-16.038221375897507
970,26.50018715258338,-6.246973074429684
971,26.59274775251849,-7.166968964810238
972,13.111025146734764,-18.067084325609
973,27.707166035566694,28.167593343187477
974,29.97066944391672,9.349198857462174
975,34.043500366863476,-6.886854117585319
976,-6.709487290738467,34.39681604378152
977,5.713538517588734,9.940030297674198
978,8.860958850463184,10.574636206673327
979,36.83191360929269,7.1786159031477865
980,41.77346257687363,2.504499378446527
981,19.439934179193294,2.06925695160262
982,21.10491627575547,-3.0753517513560835
983,16.18245893742113,-14.836027395368863
984,19.36143971589133,-5.744118124692837
985,24.123916828710385,31.94802401513571
986,1.7145797054949554,11.074560913196965
987,-6.977173859829005,11.668004944972589
988,21.554556597893665,-9.203269948498006
989,15.425292475167481,-26.502156278551574
990,29.398557207641666,-22.464502695250484
991,11.699814513175841,-0.04763040319103401
992,15.033502626819185,-13.327689517044641
993,30.54337365810865,-6.824770099957443
994,-14.087407266411725,12.361784943768404
995,21.54623441517888,0.10110313514197719
996,27.068690239732327,16.84737539424136
997,22.7523662844743,24.360363681378274
998,33.15077343594655,7.907051616542702
999,18.151283735699728,17.92627338085318
1000,22.923766873727097,-15.262515515396265
